timestamp,agent_index,action,score,is_win,is_lose,game_over,map_matrix
2026-05-26T20:46:37.000802,0,West,0.0,False,False,False,"[[0, 0, 0, 0, 0, 0, 0], [0, 2, 2, 2, 2, 2, 0], [0, 2, 0, 0, 0, 2, 0], [0, 2, 0, 3, 0, 2, 0], [0, 2, 2, 2, 2, 2, 0], [0, 2, 0, 0, 2, 2, 0], [0, 2, 2, 2, 2, 2, 0], [0, 2, 0, 2, 0, 0, 0], [0, 2, 0, 2, 0, 4, 0], [0, 5, 0, 2, 1, 1, 0], [0, 2, 0, 2, 1, 1, 0], [0, 2, 0, 2, 0, 4, 0], [0, 2, 0, 2, 0, 0, 0], [0, 2, 2, 2, 2, 2, 0], [0, 2, 0, 0, 2, 2, 0], [0, 2, 2, 2, 2, 2, 0], [0, 2, 0, 3, 0, 2, 0], [0, 2, 0, 0, 0, 2, 0], [0, 2, 2, 2, 2, 2, 0], [0, 0, 0, 0, 0, 0, 0]]"
2026-05-26T20:46:37.008103,0,West,9.0,False,False,False,"[[0, 0, 0, 0, 0, 0, 0], [0, 2, 2, 2, 2, 2, 0], [0, 2, 0, 0, 0, 2, 0], [0, 2, 0, 3, 0, 2, 0], [0, 2, 2, 2, 2, 2, 0], [0, 2, 0, 0, 2, 2, 0], [0, 2, 2, 2, 2, 2, 0], [0, 2, 0, 2, 0, 0, 0], [0, 5, 0, 2, 0, 1, 0], [0, 1, 0, 2, 1, 4, 0], [0, 2, 0, 2, 1, 4, 0], [0, 2, 0, 2, 0, 1, 0], [0, 2, 0, 2, 0, 0, 0], [0, 2, 2, 2, 2, 2, 0], [0, 2, 0, 0, 2, 2, 0], [0, 2, 2, 2, 2, 2, 0], [0, 2, 0, 3, 0, 2, 0], [0, 2, 0, 0, 0, 2, 0], [0, 2, 2, 2, 2, 2, 0], [0, 0, 0, 0, 0, 0, 0]]"
2026-05-26T20:46:37.015382,0,West,18.0,False,False,False,"[[0, 0, 0, 0, 0, 0, 0], [0, 2, 2, 2, 2, 2, 0], [0, 2, 0, 0, 0, 2, 0], [0, 2, 0, 3, 0, 2, 0], [0, 2, 2, 2, 2, 2, 0], [0, 2, 0, 0, 2, 2, 0], [0, 2, 2, 2, 2, 2, 0], [0, 5, 0, 2, 0, 0, 0], [0, 1, 0, 2, 0, 1, 0], [0, 1, 0, 2, 4, 4, 0], [0, 2, 0, 2, 1, 1, 0], [0, 2, 0, 2, 0, 1, 0], [0, 2, 0, 2, 0, 0, 0], [0, 2, 2, 2, 2, 2, 0], [0, 2, 0, 0, 2, 2, 0], [0, 2, 2, 2, 2, 2, 0], [0, 2, 0, 3, 0, 2, 0], [0, 2, 0, 0, 0, 2, 0], [0, 2, 2, 2, 2, 2, 0], [0, 0, 0, 0, 0, 0, 0]]"
2026-05-26T20:46:37.020289,0,West,27.0,False,False,False,"[[0, 0, 0, 0, 0, 0, 0], [0, 2, 2, 2, 2, 2, 0], [0, 2, 0, 0, 0, 2, 0], [0, 2, 0, 3, 0, 2, 0], [0, 2, 2, 2, 2, 2, 0], [0, 2, 0, 0, 2, 2, 0], [0, 5, 2, 2, 2, 2, 0], [0, 1, 0, 2, 0, 0, 0], [0, 1, 0, 2, 0, 4, 0], [0, 1, 0, 4, 1, 1, 0], [0, 2, 0, 2, 1, 1, 0], [0, 2, 0, 2, 0, 1, 0], [0, 2, 0, 2, 0, 0, 0], [0, 2, 2, 2, 2, 2, 0], [0, 2, 0, 0, 2, 2, 0], [0, 2, 2, 2, 2, 2, 0], [0, 2, 0, 3, 0, 2, 0], [0, 2, 0, 0, 0, 2, 0], [0, 2, 2, 2, 2, 2, 0], [0, 0, 0, 0, 0, 0, 0]]"
2026-05-26T20:46:37.024066,0,West,36.0,False,False,False,"[[0, 0, 0, 0, 0, 0, 0], [0, 2, 2, 2, 2, 2, 0], [0, 2, 0, 0, 0, 2, 0], [0, 2, 0, 3, 0, 2, 0], [0, 2, 2, 2, 2, 2, 0], [0, 5, 0, 0, 2, 2, 0], [0, 1, 2, 2, 2, 2, 0], [0, 1, 0, 2, 0, 0, 0], [0, 1, 0, 4, 0, 1, 0], [0, 1, 0, 2, 1, 4, 0], [0, 2, 0, 2, 1, 1, 0], [0, 2, 0, 2, 0, 1, 0], [0, 2, 0, 2, 0, 0, 0], [0, 2, 2, 2, 2, 2, 0], [0, 2, 0, 0, 2, 2, 0], [0, 2, 2, 2, 2, 2, 0], [0, 2, 0, 3, 0, 2, 0], [0, 2, 0, 0, 0, 2, 0], [0, 2, 2, 2, 2, 2, 0], [0, 0, 0, 0, 0, 0, 0]]"
2026-05-26T20:46:37.029723,0,West,45.0,False,False,False,"[[0, 0, 0, 0, 0, 0, 0], [0, 2, 2, 2, 2, 2, 0], [0, 2, 0, 0, 0, 2, 0], [0, 2, 0, 3, 0, 2, 0], [0, 5, 2, 2, 2, 2, 0], [0, 1, 0, 0, 2, 2, 0], [0, 1, 2, 2, 2, 2, 0], [0, 1, 0, 4, 0, 0, 0], [0, 1, 0, 2, 0, 1, 0], [0, 1, 0, 2, 4, 1, 0], [0, 2, 0, 2, 1, 1, 0], [0, 2, 0, 2, 0, 1, 0], [0, 2, 0, 2, 0, 0, 0], [0, 2, 2, 2, 2, 2, 0], [0, 2, 0, 0, 2, 2, 0], [0, 2, 2, 2, 2, 2, 0], [0, 2, 0, 3, 0, 2, 0], [0, 2, 0, 0, 0, 2, 0], [0, 2, 2, 2, 2, 2, 0], [0, 0, 0, 0, 0, 0, 0]]"
2026-05-26T20:46:37.035898,0,West,54.0,False,False,False,"[[0, 0, 0, 0, 0, 0, 0], [0, 2, 2, 2, 2, 2, 0], [0, 2, 0, 0, 0, 2, 0], [0, 5, 0, 3, 0, 2, 0], [0, 1, 2, 2, 2, 2, 0], [0, 1, 0, 0, 2, 2, 0], [0, 1, 2, 4, 2, 2, 0], [0, 1, 0, 2, 0, 0, 0], [0, 1, 0, 2, 0, 1, 0], [0, 1, 0, 4, 1, 1, 0], [0, 2, 0, 2, 1, 1, 0], [0, 2, 0, 2, 0, 1, 0], [0, 2, 0, 2, 0, 0, 0], [0, 2, 2, 2, 2, 2, 0], [0, 2, 0, 0, 2, 2, 0], [0, 2, 2, 2, 2, 2, 0], [0, 2, 0, 3, 0, 2, 0], [0, 2, 0, 0, 0, 2, 0], [0, 2, 2, 2, 2, 2, 0], [0, 0, 0, 0, 0, 0, 0]]"
2026-05-26T20:46:37.037847,0,West,63.0,False,False,False,"[[0, 0, 0, 0, 0, 0, 0], [0, 2, 2, 2, 2, 2, 0], [0, 5, 0, 0, 0, 2, 0], [0, 1, 0, 3, 0, 2, 0], [0, 1, 2, 2, 2, 2, 0], [0, 1, 0, 0, 2, 2, 0], [0, 1, 4, 2, 2, 2, 0], [0, 1, 0, 2, 0, 0, 0], [0, 1, 0, 4, 0, 1, 0], [0, 1, 0, 2, 1, 1, 0], [0, 2, 0, 2, 1, 1, 0], [0, 2, 0, 2, 0, 1, 0], [0, 2, 0, 2, 0, 0, 0], [0, 2, 2, 2, 2, 2, 0], [0, 2, 0, 0, 2, 2, 0], [0, 2, 2, 2, 2, 2, 0], [0, 2, 0, 3, 0, 2, 0], [0, 2, 0, 0, 0, 2, 0], [0, 2, 2, 2, 2, 2, 0], [0, 0, 0, 0, 0, 0, 0]]"
2026-05-26T20:46:37.040670,0,North,72.0,False,False,False,"[[0, 0, 0, 0, 0, 0, 0], [0, 5, 2, 2, 2, 2, 0], [0, 1, 0, 0, 0, 2, 0], [0, 1, 0, 3, 0, 2, 0], [0, 1, 2, 2, 2, 2, 0], [0, 1, 0, 0, 2, 2, 0], [0, 4, 2, 2, 2, 2, 0], [0, 1, 0, 4, 0, 0, 0], [0, 1, 0, 2, 0, 1, 0], [0, 1, 0, 2, 1, 1, 0], [0, 2, 0, 2, 1, 1, 0], [0, 2, 0, 2, 0, 1, 0], [0, 2, 0, 2, 0, 0, 0], [0, 2, 2, 2, 2, 2, 0], [0, 2, 0, 0, 2, 2, 0], [0, 2, 2, 2, 2, 2, 0], [0, 2, 0, 3, 0, 2, 0], [0, 2, 0, 0, 0, 2, 0], [0, 2, 2, 2, 2, 2, 0], [0, 0, 0, 0, 0, 0, 0]]"
2026-05-26T20:46:37.044311,0,North,81.0,False,False,False,"[[0, 0, 0, 0, 0, 0, 0], [0, 1, 5, 2, 2, 2, 0], [0, 1, 0, 0, 0, 2, 0], [0, 1, 0, 3, 0, 2, 0], [0, 1, 2, 2, 2, 2, 0], [0, 4, 0, 0, 2, 2, 0], [0, 1, 2, 4, 2, 2, 0], [0, 1, 0, 2, 0, 0, 0], [0, 1, 0, 2, 0, 1, 0], [0, 1, 0, 2, 1, 1, 0], [0, 2, 0, 2, 1, 1, 0], [0, 2, 0, 2, 0, 1, 0], [0, 2, 0, 2, 0, 0, 0], [0, 2, 2, 2, 2, 2, 0], [0, 2, 0, 0, 2, 2, 0], [0, 2, 2, 2, 2, 2, 0], [0, 2, 0, 3, 0, 2, 0], [0, 2, 0, 0, 0, 2, 0], [0, 2, 2, 2, 2, 2, 0], [0, 0, 0, 0, 0, 0, 0]]"
2026-05-26T20:46:37.047103,0,North,90.0,False,False,False,"[[0, 0, 0, 0, 0, 0, 0], [0, 1, 1, 5, 2, 2, 0], [0, 1, 0, 0, 0, 2, 0], [0, 1, 0, 3, 0, 2, 0], [0, 4, 2, 2, 2, 2, 0], [0, 1, 0, 0, 2, 2, 0], [0, 1, 4, 2, 2, 2, 0], [0, 1, 0, 2, 0, 0, 0], [0, 1, 0, 2, 0, 1, 0], [0, 1, 0, 2, 1, 1, 0], [0, 2, 0, 2, 1, 1, 0], [0, 2, 0, 2, 0, 1, 0], [0, 2, 0, 2, 0, 0, 0], [0, 2, 2, 2, 2, 2, 0], [0, 2, 0, 0, 2, 2, 0], [0, 2, 2, 2, 2, 2, 0], [0, 2, 0, 3, 0, 2, 0], [0, 2, 0, 0, 0, 2, 0], [0, 2, 2, 2, 2, 2, 0], [0, 0, 0, 0, 0, 0, 0]]"
2026-05-26T20:46:37.049354,0,North,99.0,False,False,False,"[[0, 0, 0, 0, 0, 0, 0], [0, 1, 1, 1, 5, 2, 0], [0, 1, 0, 0, 0, 2, 0], [0, 4, 0, 3, 0, 2, 0], [0, 1, 2, 2, 2, 2, 0], [0, 1, 0, 0, 2, 2, 0], [0, 4, 2, 2, 2, 2, 0], [0, 1, 0, 2, 0, 0, 0], [0, 1, 0, 2, 0, 1, 0], [0, 1, 0, 2, 1, 1, 0], [0, 2, 0, 2, 1, 1, 0], [0, 2, 0, 2, 0, 1, 0], [0, 2, 0, 2, 0, 0, 0], [0, 2, 2, 2, 2, 2, 0], [0, 2, 0, 0, 2, 2, 0], [0, 2, 2, 2, 2, 2, 0], [0, 2, 0, 3, 0, 2, 0], [0, 2, 0, 0, 0, 2, 0], [0, 2, 2, 2, 2, 2, 0], [0, 0, 0, 0, 0, 0, 0]]"
2026-05-26T20:46:37.051022,0,East,108.0,False,False,False,"[[0, 0, 0, 0, 0, 0, 0], [0, 1, 1, 1, 1, 5, 0], [0, 4, 0, 0, 0, 2, 0], [0, 1, 0, 3, 0, 2, 0], [0, 1, 2, 2, 2, 2, 0], [0, 4, 0, 0, 2, 2, 0], [0, 1, 2, 2, 2, 2, 0], [0, 1, 0, 2, 0, 0, 0], [0, 1, 0, 2, 0, 1, 0], [0, 1, 0, 2, 1, 1, 0], [0, 2, 0, 2, 1, 1, 0], [0, 2, 0, 2, 0, 1, 0], [0, 2, 0, 2, 0, 0, 0], [0, 2, 2, 2, 2, 2, 0], [0, 2, 0, 0, 2, 2, 0], [0, 2, 2, 2, 2, 2, 0], [0, 2, 0, 3, 0, 2, 0], [0, 2, 0, 0, 0, 2, 0], [0, 2, 2, 2, 2, 2, 0], [0, 0, 0, 0, 0, 0, 0]]"
2026-05-26T20:46:37.053269,0,East,117.0,False,False,False,"[[0, 0, 0, 0, 0, 0, 0], [0, 4, 1, 1, 1, 1, 0], [0, 1, 0, 0, 0, 5, 0], [0, 1, 0, 3, 0, 2, 0], [0, 4, 2, 2, 2, 2, 0], [0, 1, 0, 0, 2, 2, 0], [0, 1, 2, 2, 2, 2, 0], [0, 1, 0, 2, 0, 0, 0], [0, 1, 0, 2, 0, 1, 0], [0, 1, 0, 2, 1, 1, 0], [0, 2, 0, 2, 1, 1, 0], [0, 2, 0, 2, 0, 1, 0], [0, 2, 0, 2, 0, 0, 0], [0, 2, 2, 2, 2, 2, 0], [0, 2, 0, 0, 2, 2, 0], [0, 2, 2, 2, 2, 2, 0], [0, 2, 0, 3, 0, 2, 0], [0, 2, 0, 0, 0, 2, 0], [0, 2, 2, 2, 2, 2, 0], [0, 0, 0, 0, 0, 0, 0]]"
2026-05-26T20:46:37.055344,0,East,126.0,False,False,False,"[[0, 0, 0, 0, 0, 0, 0], [0, 1, 4, 1, 1, 1, 0], [0, 1, 0, 0, 0, 1, 0], [0, 1, 0, 3, 0, 5, 0], [0, 1, 4, 2, 2, 2, 0], [0, 1, 0, 0, 2, 2, 0], [0, 1, 2, 2, 2, 2, 0], [0, 1, 0, 2, 0, 0, 0], [0, 1, 0, 2, 0, 1, 0], [0, 1, 0, 2, 1, 1, 0], [0, 2, 0, 2, 1, 1, 0], [0, 2, 0, 2, 0, 1, 0], [0, 2, 0, 2, 0, 0, 0], [0, 2, 2, 2, 2, 2, 0], [0, 2, 0, 0, 2, 2, 0], [0, 2, 2, 2, 2, 2, 0], [0, 2, 0, 3, 0, 2, 0], [0, 2, 0, 0, 0, 2, 0], [0, 2, 2, 2, 2, 2, 0], [0, 0, 0, 0, 0, 0, 0]]"
2026-05-26T20:46:37.058592,0,East,135.0,False,False,False,"[[0, 0, 0, 0, 0, 0, 0], [0, 1, 1, 4, 1, 1, 0], [0, 1, 0, 0, 0, 1, 0], [0, 1, 0, 3, 0, 1, 0], [0, 1, 2, 4, 2, 5, 0], [0, 1, 0, 0, 2, 2, 0], [0, 1, 2, 2, 2, 2, 0], [0, 1, 0, 2, 0, 0, 0], [0, 1, 0, 2, 0, 1, 0], [0, 1, 0, 2, 1, 1, 0], [0, 2, 0, 2, 1, 1, 0], [0, 2, 0, 2, 0, 1, 0], [0, 2, 0, 2, 0, 0, 0], [0, 2, 2, 2, 2, 2, 0], [0, 2, 0, 0, 2, 2, 0], [0, 2, 2, 2, 2, 2, 0], [0, 2, 0, 3, 0, 2, 0], [0, 2, 0, 0, 0, 2, 0], [0, 2, 2, 2, 2, 2, 0], [0, 0, 0, 0, 0, 0, 0]]"
2026-05-26T20:46:37.061789,0,East,144.0,False,False,False,"[[0, 0, 0, 0, 0, 0, 0], [0, 1, 1, 1, 4, 1, 0], [0, 1, 0, 0, 0, 1, 0], [0, 1, 0, 3, 0, 1, 0], [0, 1, 2, 2, 4, 1, 0], [0, 1, 0, 0, 2, 5, 0], [0, 1, 2, 2, 2, 2, 0], [0, 1, 0, 2, 0, 0, 0], [0, 1, 0, 2, 0, 1, 0], [0, 1, 0, 2, 1, 1, 0], [0, 2, 0, 2, 1, 1, 0], [0, 2, 0, 2, 0, 1, 0], [0, 2, 0, 2, 0, 0, 0], [0, 2, 2, 2, 2, 2, 0], [0, 2, 0, 0, 2, 2, 0], [0, 2, 2, 2, 2, 2, 0], [0, 2, 0, 3, 0, 2, 0], [0, 2, 0, 0, 0, 2, 0], [0, 2, 2, 2, 2, 2, 0], [0, 0, 0, 0, 0, 0, 0]]"
2026-05-26T20:46:37.063886,0,Stop,153.0,False,False,False,"[[0, 0, 0, 0, 0, 0, 0], [0, 1, 1, 1, 1, 4, 0], [0, 1, 0, 0, 0, 1, 0], [0, 1, 0, 3, 0, 1, 0], [0, 1, 2, 2, 2, 1, 0], [0, 1, 0, 0, 4, 1, 0], [0, 1, 2, 2, 2, 5, 0], [0, 1, 0, 2, 0, 0, 0], [0, 1, 0, 2, 0, 1, 0], [0, 1, 0, 2, 1, 1, 0], [0, 2, 0, 2, 1, 1, 0], [0, 2, 0, 2, 0, 1, 0], [0, 2, 0, 2, 0, 0, 0], [0, 2, 2, 2, 2, 2, 0], [0, 2, 0, 0, 2, 2, 0], [0, 2, 2, 2, 2, 2, 0], [0, 2, 0, 3, 0, 2, 0], [0, 2, 0, 0, 0, 2, 0], [0, 2, 2, 2, 2, 2, 0], [0, 0, 0, 0, 0, 0, 0]]"
2026-05-26T20:46:37.065519,0,West,152.0,False,False,False,"[[0, 0, 0, 0, 0, 0, 0], [0, 1, 1, 1, 1, 1, 0], [0, 1, 0, 0, 0, 4, 0], [0, 1, 0, 3, 0, 1, 0], [0, 1, 2, 2, 2, 1, 0], [0, 1, 0, 0, 2, 1, 0], [0, 1, 2, 2, 4, 5, 0], [0, 1, 0, 2, 0, 0, 0], [0, 1, 0, 2, 0, 1, 0], [0, 1, 0, 2, 1, 1, 0], [0, 2, 0, 2, 1, 1, 0], [0, 2, 0, 2, 0, 1, 0], [0, 2, 0, 2, 0, 0, 0], [0, 2, 2, 2, 2, 2, 0], [0, 2, 0, 0, 2, 2, 0], [0, 2, 2, 2, 2, 2, 0], [0, 2, 0, 3, 0, 2, 0], [0, 2, 0, 0, 0, 2, 0], [0, 2, 2, 2, 2, 2, 0], [0, 0, 0, 0, 0, 0, 0]]"
2026-05-26T20:46:37.066793,0,South,151.0,False,False,False,"[[0, 0, 0, 0, 0, 0, 0], [0, 1, 1, 1, 1, 1, 0], [0, 1, 0, 0, 0, 1, 0], [0, 1, 0, 3, 0, 4, 0], [0, 1, 2, 2, 2, 1, 0], [0, 1, 0, 0, 2, 5, 0], [0, 1, 2, 2, 2, 4, 0], [0, 1, 0, 2, 0, 0, 0], [0, 1, 0, 2, 0, 1, 0], [0, 1, 0, 2, 1, 1, 0], [0, 2, 0, 2, 1, 1, 0], [0, 2, 0, 2, 0, 1, 0], [0, 2, 0, 2, 0, 0, 0], [0, 2, 2, 2, 2, 2, 0], [0, 2, 0, 0, 2, 2, 0], [0, 2, 2, 2, 2, 2, 0], [0, 2, 0, 3, 0, 2, 0], [0, 2, 0, 0, 0, 2, 0], [0, 2, 2, 2, 2, 2, 0], [0, 0, 0, 0, 0, 0, 0]]"
2026-05-26T20:46:37.072069,0,East,160.0,False,False,False,"[[0, 0, 0, 0, 0, 0, 0], [0, 1, 1, 1, 1, 1, 0], [0, 1, 0, 0, 0, 1, 0], [0, 1, 0, 3, 0, 1, 0], [0, 1, 2, 2, 2, 4, 0], [0, 1, 0, 0, 5, 4, 0], [0, 1, 2, 2, 2, 1, 0], [0, 1, 0, 2, 0, 0, 0], [0, 1, 0, 2, 0, 1, 0], [0, 1, 0, 2, 1, 1, 0], [0, 2, 0, 2, 1, 1, 0], [0, 2, 0, 2, 0, 1, 0], [0, 2, 0, 2, 0, 0, 0], [0, 2, 2, 2, 2, 2, 0], [0, 2, 0, 0, 2, 2, 0], [0, 2, 2, 2, 2, 2, 0], [0, 2, 0, 3, 0, 2, 0], [0, 2, 0, 0, 0, 2, 0], [0, 2, 2, 2, 2, 2, 0], [0, 0, 0, 0, 0, 0, 0]]"
2026-05-26T20:46:37.080389,0,South,169.0,False,False,False,"[[0, 0, 0, 0, 0, 0, 0], [0, 1, 1, 1, 1, 1, 0], [0, 1, 0, 0, 0, 1, 0], [0, 1, 0, 3, 0, 1, 0], [0, 1, 2, 2, 4, 4, 0], [0, 1, 0, 0, 1, 1, 0], [0, 1, 2, 2, 5, 1, 0], [0, 1, 0, 2, 0, 0, 0], [0, 1, 0, 2, 0, 1, 0], [0, 1, 0, 2, 1, 1, 0], [0, 2, 0, 2, 1, 1, 0], [0, 2, 0, 2, 0, 1, 0], [0, 2, 0, 2, 0, 0, 0], [0, 2, 2, 2, 2, 2, 0], [0, 2, 0, 0, 2, 2, 0], [0, 2, 2, 2, 2, 2, 0], [0, 2, 0, 3, 0, 2, 0], [0, 2, 0, 0, 0, 2, 0], [0, 2, 2, 2, 2, 2, 0], [0, 0, 0, 0, 0, 0, 0]]"
2026-05-26T20:46:37.089195,0,East,178.0,False,False,False,"[[0, 0, 0, 0, 0, 0, 0], [0, 1, 1, 1, 1, 1, 0], [0, 1, 0, 0, 0, 1, 0], [0, 1, 0, 3, 0, 1, 0], [0, 1, 2, 2, 4, 1, 0], [0, 1, 0, 0, 4, 1, 0], [0, 1, 2, 5, 1, 1, 0], [0, 1, 0, 2, 0, 0, 0], [0, 1, 0, 2, 0, 1, 0], [0, 1, 0, 2, 1, 1, 0], [0, 2, 0, 2, 1, 1, 0], [0, 2, 0, 2, 0, 1, 0], [0, 2, 0, 2, 0, 0, 0], [0, 2, 2, 2, 2, 2, 0], [0, 2, 0, 0, 2, 2, 0], [0, 2, 2, 2, 2, 2, 0], [0, 2, 0, 3, 0, 2, 0], [0, 2, 0, 0, 0, 2, 0], [0, 2, 2, 2, 2, 2, 0], [0, 0, 0, 0, 0, 0, 0]]"
2026-05-26T20:46:37.092979,0,East,187.0,False,False,False,"[[0, 0, 0, 0, 0, 0, 0], [0, 1, 1, 1, 1, 1, 0], [0, 1, 0, 0, 0, 1, 0], [0, 1, 0, 3, 0, 1, 0], [0, 1, 2, 4, 2, 1, 0], [0, 1, 0, 0, 1, 1, 0], [0, 1, 2, 1, 4, 1, 0], [0, 1, 0, 5, 0, 0, 0], [0, 1, 0, 2, 0, 1, 0], [0, 1, 0, 2, 1, 1, 0], [0, 2, 0, 2, 1, 1, 0], [0, 2, 0, 2, 0, 1, 0], [0, 2, 0, 2, 0, 0, 0], [0, 2, 2, 2, 2, 2, 0], [0, 2, 0, 0, 2, 2, 0], [0, 2, 2, 2, 2, 2, 0], [0, 2, 0, 3, 0, 2, 0], [0, 2, 0, 0, 0, 2, 0], [0, 2, 2, 2, 2, 2, 0], [0, 0, 0, 0, 0, 0, 0]]"
2026-05-26T20:46:37.095357,0,East,196.0,False,False,False,"[[0, 0, 0, 0, 0, 0, 0], [0, 1, 1, 1, 1, 1, 0], [0, 1, 0, 0, 0, 1, 0], [0, 1, 0, 3, 0, 1, 0], [0, 1, 4, 2, 2, 1, 0], [0, 1, 0, 0, 1, 1, 0], [0, 1, 2, 4, 1, 1, 0], [0, 1, 0, 1, 0, 0, 0], [0, 1, 0, 5, 0, 1, 0], [0, 1, 0, 2, 1, 1, 0], [0, 2, 0, 2, 1, 1, 0], [0, 2, 0, 2, 0, 1, 0], [0, 2, 0, 2, 0, 0, 0], [0, 2, 2, 2, 2, 2, 0], [0, 2, 0, 0, 2, 2, 0], [0, 2, 2, 2, 2, 2, 0], [0, 2, 0, 3, 0, 2, 0], [0, 2, 0, 0, 0, 2, 0], [0, 2, 2, 2, 2, 2, 0], [0, 0, 0, 0, 0, 0, 0]]"
2026-05-26T20:46:37.099964,0,East,205.0,False,False,False,"[[0, 0, 0, 0, 0, 0, 0], [0, 1, 1, 1, 1, 1, 0], [0, 1, 0, 0, 0, 1, 0], [0, 1, 0, 3, 0, 1, 0], [0, 4, 2, 2, 2, 1, 0], [0, 1, 0, 0, 1, 1, 0], [0, 1, 4, 1, 1, 1, 0], [0, 1, 0, 1, 0, 0, 0], [0, 1, 0, 1, 0, 1, 0], [0, 1, 0, 5, 1, 1, 0], [0, 2, 0, 2, 1, 1, 0], [0, 2, 0, 2, 0, 1, 0], [0, 2, 0, 2, 0, 0, 0], [0, 2, 2, 2, 2, 2, 0], [0, 2, 0, 0, 2, 2, 0], [0, 2, 2, 2, 2, 2, 0], [0, 2, 0, 3, 0, 2, 0], [0, 2, 0, 0, 0, 2, 0], [0, 2, 2, 2, 2, 2, 0], [0, 0, 0, 0, 0, 0, 0]]"
2026-05-26T20:46:37.103956,0,East,214.0,False,False,False,"[[0, 0, 0, 0, 0, 0, 0], [0, 1, 1, 1, 1, 1, 0], [0, 1, 0, 0, 0, 1, 0], [0, 1, 0, 3, 0, 1, 0], [0, 1, 2, 2, 2, 1, 0], [0, 4, 0, 0, 1, 1, 0], [0, 4, 2, 1, 1, 1, 0], [0, 1, 0, 1, 0, 0, 0], [0, 1, 0, 1, 0, 1, 0], [0, 1, 0, 1, 1, 1, 0], [0, 2, 0, 5, 1, 1, 0], [0, 2, 0, 2, 0, 1, 0], [0, 2, 0, 2, 0, 0, 0], [0, 2, 2, 2, 2, 2, 0], [0, 2, 0, 0, 2, 2, 0], [0, 2, 2, 2, 2, 2, 0], [0, 2, 0, 3, 0, 2, 0], [0, 2, 0, 0, 0, 2, 0], [0, 2, 2, 2, 2, 2, 0], [0, 0, 0, 0, 0, 0, 0]]"
2026-05-26T20:46:37.106324,0,East,223.0,False,False,False,"[[0, 0, 0, 0, 0, 0, 0], [0, 1, 1, 1, 1, 1, 0], [0, 1, 0, 0, 0, 1, 0], [0, 1, 0, 3, 0, 1, 0], [0, 1, 2, 2, 2, 1, 0], [0, 1, 0, 0, 1, 1, 0], [0, 4, 2, 1, 1, 1, 0], [0, 4, 0, 1, 0, 0, 0], [0, 1, 0, 1, 0, 1, 0], [0, 1, 0, 1, 1, 1, 0], [0, 2, 0, 1, 1, 1, 0], [0, 2, 0, 5, 0, 1, 0], [0, 2, 0, 2, 0, 0, 0], [0, 2, 2, 2, 2, 2, 0], [0, 2, 0, 0, 2, 2, 0], [0, 2, 2, 2, 2, 2, 0], [0, 2, 0, 3, 0, 2, 0], [0, 2, 0, 0, 0, 2, 0], [0, 2, 2, 2, 2, 2, 0], [0, 0, 0, 0, 0, 0, 0]]"
2026-05-26T20:46:37.107879,0,East,232.0,False,False,False,"[[0, 0, 0, 0, 0, 0, 0], [0, 1, 1, 1, 1, 1, 0], [0, 1, 0, 0, 0, 1, 0], [0, 1, 0, 3, 0, 1, 0], [0, 1, 2, 2, 2, 1, 0], [0, 1, 0, 0, 1, 1, 0], [0, 1, 2, 1, 1, 1, 0], [0, 4, 0, 1, 0, 0, 0], [0, 4, 0, 1, 0, 1, 0], [0, 1, 0, 1, 1, 1, 0], [0, 2, 0, 1, 1, 1, 0], [0, 2, 0, 1, 0, 1, 0], [0, 2, 0, 5, 0, 0, 0], [0, 2, 2, 2, 2, 2, 0], [0, 2, 0, 0, 2, 2, 0], [0, 2, 2, 2, 2, 2, 0], [0, 2, 0, 3, 0, 2, 0], [0, 2, 0, 0, 0, 2, 0], [0, 2, 2, 2, 2, 2, 0], [0, 0, 0, 0, 0, 0, 0]]"
2026-05-26T20:46:37.109758,0,North,241.0,False,False,False,"[[0, 0, 0, 0, 0, 0, 0], [0, 1, 1, 1, 1, 1, 0], [0, 1, 0, 0, 0, 1, 0], [0, 1, 0, 3, 0, 1, 0], [0, 1, 2, 2, 2, 1, 0], [0, 1, 0, 0, 1, 1, 0], [0, 1, 2, 1, 1, 1, 0], [0, 1, 0, 1, 0, 0, 0], [0, 4, 0, 1, 0, 1, 0], [0, 4, 0, 1, 1, 1, 0], [0, 2, 0, 1, 1, 1, 0], [0, 2, 0, 1, 0, 1, 0], [0, 2, 0, 1, 0, 0, 0], [0, 2, 2, 5, 2, 2, 0], [0, 2, 0, 0, 2, 2, 0], [0, 2, 2, 2, 2, 2, 0], [0, 2, 0, 3, 0, 2, 0], [0, 2, 0, 0, 0, 2, 0], [0, 2, 2, 2, 2, 2, 0], [0, 0, 0, 0, 0, 0, 0]]"
2026-05-26T20:46:37.112086,0,East,250.0,False,False,False,"[[0, 0, 0, 0, 0, 0, 0], [0, 1, 1, 1, 1, 1, 0], [0, 1, 0, 0, 0, 1, 0], [0, 1, 0, 3, 0, 1, 0], [0, 1, 2, 2, 2, 1, 0], [0, 1, 0, 0, 1, 1, 0], [0, 1, 2, 1, 1, 1, 0], [0, 1, 0, 1, 0, 0, 0], [0, 1, 0, 1, 0, 1, 0], [0, 4, 0, 1, 1, 1, 0], [0, 4, 0, 1, 1, 1, 0], [0, 2, 0, 1, 0, 1, 0], [0, 2, 0, 1, 0, 0, 0], [0, 2, 2, 1, 5, 2, 0], [0, 2, 0, 0, 2, 2, 0], [0, 2, 2, 2, 2, 2, 0], [0, 2, 0, 3, 0, 2, 0], [0, 2, 0, 0, 0, 2, 0], [0, 2, 2, 2, 2, 2, 0], [0, 0, 0, 0, 0, 0, 0]]"
2026-05-26T20:46:37.114158,0,East,259.0,False,False,False,"[[0, 0, 0, 0, 0, 0, 0], [0, 1, 1, 1, 1, 1, 0], [0, 1, 0, 0, 0, 1, 0], [0, 1, 0, 3, 0, 1, 0], [0, 1, 2, 2, 2, 1, 0], [0, 1, 0, 0, 1, 1, 0], [0, 1, 2, 1, 1, 1, 0], [0, 1, 0, 1, 0, 0, 0], [0, 1, 0, 1, 0, 1, 0], [0, 1, 0, 1, 1, 1, 0], [0, 4, 0, 1, 1, 1, 0], [0, 4, 0, 1, 0, 1, 0], [0, 2, 0, 1, 0, 0, 0], [0, 2, 2, 1, 1, 2, 0], [0, 2, 0, 0, 5, 2, 0], [0, 2, 2, 2, 2, 2, 0], [0, 2, 0, 3, 0, 2, 0], [0, 2, 0, 0, 0, 2, 0], [0, 2, 2, 2, 2, 2, 0], [0, 0, 0, 0, 0, 0, 0]]"
2026-05-26T20:46:37.116899,0,North,268.0,False,False,False,"[[0, 0, 0, 0, 0, 0, 0], [0, 1, 1, 1, 1, 1, 0], [0, 1, 0, 0, 0, 1, 0], [0, 1, 0, 3, 0, 1, 0], [0, 1, 2, 2, 2, 1, 0], [0, 1, 0, 0, 1, 1, 0], [0, 1, 2, 1, 1, 1, 0], [0, 1, 0, 1, 0, 0, 0], [0, 1, 0, 1, 0, 1, 0], [0, 1, 0, 1, 1, 1, 0], [0, 2, 0, 1, 1, 1, 0], [0, 4, 0, 1, 0, 1, 0], [0, 4, 0, 1, 0, 0, 0], [0, 2, 2, 1, 1, 2, 0], [0, 2, 0, 0, 1, 2, 0], [0, 2, 2, 2, 5, 2, 0], [0, 2, 0, 3, 0, 2, 0], [0, 2, 0, 0, 0, 2, 0], [0, 2, 2, 2, 2, 2, 0], [0, 0, 0, 0, 0, 0, 0]]"
2026-05-26T20:46:37.120874,0,West,277.0,False,False,False,"[[0, 0, 0, 0, 0, 0, 0], [0, 1, 1, 1, 1, 1, 0], [0, 1, 0, 0, 0, 1, 0], [0, 1, 0, 3, 0, 1, 0], [0, 1, 2, 2, 2, 1, 0], [0, 1, 0, 0, 1, 1, 0], [0, 1, 2, 1, 1, 1, 0], [0, 1, 0, 1, 0, 0, 0], [0, 1, 0, 1, 0, 1, 0], [0, 1, 0, 1, 1, 1, 0], [0, 2, 0, 1, 1, 1, 0], [0, 2, 0, 1, 0, 1, 0], [0, 4, 0, 1, 0, 0, 0], [0, 4, 2, 1, 1, 2, 0], [0, 2, 0, 0, 1, 2, 0], [0, 2, 2, 2, 1, 5, 0], [0, 2, 0, 3, 0, 2, 0], [0, 2, 0, 0, 0, 2, 0], [0, 2, 2, 2, 2, 2, 0], [0, 0, 0, 0, 0, 0, 0]]"
2026-05-26T20:46:37.125368,0,West,286.0,False,False,False,"[[0, 0, 0, 0, 0, 0, 0], [0, 1, 1, 1, 1, 1, 0], [0, 1, 0, 0, 0, 1, 0], [0, 1, 0, 3, 0, 1, 0], [0, 1, 2, 2, 2, 1, 0], [0, 1, 0, 0, 1, 1, 0], [0, 1, 2, 1, 1, 1, 0], [0, 1, 0, 1, 0, 0, 0], [0, 1, 0, 1, 0, 1, 0], [0, 1, 0, 1, 1, 1, 0], [0, 2, 0, 1, 1, 1, 0], [0, 2, 0, 1, 0, 1, 0], [0, 2, 0, 1, 0, 0, 0], [0, 4, 4, 1, 1, 2, 0], [0, 2, 0, 0, 1, 5, 0], [0, 2, 2, 2, 1, 1, 0], [0, 2, 0, 3, 0, 2, 0], [0, 2, 0, 0, 0, 2, 0], [0, 2, 2, 2, 2, 2, 0], [0, 0, 0, 0, 0, 0, 0]]"
2026-05-26T20:46:37.128089,0,Stop,295.0,False,False,False,"[[0, 0, 0, 0, 0, 0, 0], [0, 1, 1, 1, 1, 1, 0], [0, 1, 0, 0, 0, 1, 0], [0, 1, 0, 3, 0, 1, 0], [0, 1, 2, 2, 2, 1, 0], [0, 1, 0, 0, 1, 1, 0], [0, 1, 2, 1, 1, 1, 0], [0, 1, 0, 1, 0, 0, 0], [0, 1, 0, 1, 0, 1, 0], [0, 1, 0, 1, 1, 1, 0], [0, 2, 0, 1, 1, 1, 0], [0, 2, 0, 1, 0, 1, 0], [0, 2, 0, 1, 0, 0, 0], [0, 2, 4, 4, 1, 5, 0], [0, 2, 0, 0, 1, 1, 0], [0, 2, 2, 2, 1, 1, 0], [0, 2, 0, 3, 0, 2, 0], [0, 2, 0, 0, 0, 2, 0], [0, 2, 2, 2, 2, 2, 0], [0, 0, 0, 0, 0, 0, 0]]"
2026-05-26T20:46:37.130889,0,East,294.0,False,False,False,"[[0, 0, 0, 0, 0, 0, 0], [0, 1, 1, 1, 1, 1, 0], [0, 1, 0, 0, 0, 1, 0], [0, 1, 0, 3, 0, 1, 0], [0, 1, 2, 2, 2, 1, 0], [0, 1, 0, 0, 1, 1, 0], [0, 1, 2, 1, 1, 1, 0], [0, 1, 0, 1, 0, 0, 0], [0, 1, 0, 1, 0, 1, 0], [0, 1, 0, 1, 1, 1, 0], [0, 2, 0, 1, 1, 1, 0], [0, 2, 0, 1, 0, 1, 0], [0, 2, 0, 1, 0, 0, 0], [0, 2, 2, 4, 4, 5, 0], [0, 2, 0, 0, 1, 1, 0], [0, 2, 2, 2, 1, 1, 0], [0, 2, 0, 3, 0, 2, 0], [0, 2, 0, 0, 0, 2, 0], [0, 2, 2, 2, 2, 2, 0], [0, 0, 0, 0, 0, 0, 0]]"
2026-05-26T20:46:37.135241,0,East,293.0,False,False,False,"[[0, 0, 0, 0, 0, 0, 0], [0, 1, 1, 1, 1, 1, 0], [0, 1, 0, 0, 0, 1, 0], [0, 1, 0, 3, 0, 1, 0], [0, 1, 2, 2, 2, 1, 0], [0, 1, 0, 0, 1, 1, 0], [0, 1, 2, 1, 1, 1, 0], [0, 1, 0, 1, 0, 0, 0], [0, 1, 0, 1, 0, 1, 0], [0, 1, 0, 1, 1, 1, 0], [0, 2, 0, 1, 1, 1, 0], [0, 2, 0, 1, 0, 1, 0], [0, 2, 0, 1, 0, 0, 0], [0, 2, 2, 1, 4, 1, 0], [0, 2, 0, 0, 4, 5, 0], [0, 2, 2, 2, 1, 1, 0], [0, 2, 0, 3, 0, 2, 0], [0, 2, 0, 0, 0, 2, 0], [0, 2, 2, 2, 2, 2, 0], [0, 0, 0, 0, 0, 0, 0]]"
2026-05-26T20:46:37.140357,0,East,292.0,False,False,False,"[[0, 0, 0, 0, 0, 0, 0], [0, 1, 1, 1, 1, 1, 0], [0, 1, 0, 0, 0, 1, 0], [0, 1, 0, 3, 0, 1, 0], [0, 1, 2, 2, 2, 1, 0], [0, 1, 0, 0, 1, 1, 0], [0, 1, 2, 1, 1, 1, 0], [0, 1, 0, 1, 0, 0, 0], [0, 1, 0, 1, 0, 1, 0], [0, 1, 0, 1, 1, 1, 0], [0, 2, 0, 1, 1, 1, 0], [0, 2, 0, 1, 0, 1, 0], [0, 2, 0, 1, 0, 0, 0], [0, 2, 2, 1, 1, 1, 0], [0, 2, 0, 0, 4, 1, 0], [0, 2, 2, 2, 4, 5, 0], [0, 2, 0, 3, 0, 2, 0], [0, 2, 0, 0, 0, 2, 0], [0, 2, 2, 2, 2, 2, 0], [0, 0, 0, 0, 0, 0, 0]]"
2026-05-26T20:46:37.143414,0,East,301.0,False,False,False,"[[0, 0, 0, 0, 0, 0, 0], [0, 1, 1, 1, 1, 1, 0], [0, 1, 0, 0, 0, 1, 0], [0, 1, 0, 3, 0, 1, 0], [0, 1, 2, 2, 2, 1, 0], [0, 1, 0, 0, 1, 1, 0], [0, 1, 2, 1, 1, 1, 0], [0, 1, 0, 1, 0, 0, 0], [0, 1, 0, 1, 0, 1, 0], [0, 1, 0, 1, 1, 1, 0], [0, 2, 0, 1, 1, 1, 0], [0, 2, 0, 1, 0, 1, 0], [0, 2, 0, 1, 0, 0, 0], [0, 2, 2, 1, 1, 1, 0], [0, 2, 0, 0, 1, 1, 0], [0, 2, 2, 2, 4, 4, 0], [0, 2, 0, 3, 0, 5, 0], [0, 2, 0, 0, 0, 2, 0], [0, 2, 2, 2, 2, 2, 0], [0, 0, 0, 0, 0, 0, 0]]"
2026-05-26T20:46:37.144398,0,East,310.0,False,False,False,"[[0, 0, 0, 0, 0, 0, 0], [0, 1, 1, 1, 1, 1, 0], [0, 1, 0, 0, 0, 1, 0], [0, 1, 0, 3, 0, 1, 0], [0, 1, 2, 2, 2, 1, 0], [0, 1, 0, 0, 1, 1, 0], [0, 1, 2, 1, 1, 1, 0], [0, 1, 0, 1, 0, 0, 0], [0, 1, 0, 1, 0, 1, 0], [0, 1, 0, 1, 1, 1, 0], [0, 2, 0, 1, 1, 1, 0], [0, 2, 0, 1, 0, 1, 0], [0, 2, 0, 1, 0, 0, 0], [0, 2, 2, 1, 1, 1, 0], [0, 2, 0, 0, 1, 1, 0], [0, 2, 2, 2, 1, 4, 0], [0, 2, 0, 3, 0, 4, 0], [0, 2, 0, 0, 0, 5, 0], [0, 2, 2, 2, 2, 2, 0], [0, 0, 0, 0, 0, 0, 0]]"
2026-05-26T20:46:37.145400,0,South,319.0,False,False,False,"[[0, 0, 0, 0, 0, 0, 0], [0, 1, 1, 1, 1, 1, 0], [0, 1, 0, 0, 0, 1, 0], [0, 1, 0, 3, 0, 1, 0], [0, 1, 2, 2, 2, 1, 0], [0, 1, 0, 0, 1, 1, 0], [0, 1, 2, 1, 1, 1, 0], [0, 1, 0, 1, 0, 0, 0], [0, 1, 0, 1, 0, 1, 0], [0, 1, 0, 1, 1, 1, 0], [0, 2, 0, 1, 1, 1, 0], [0, 2, 0, 1, 0, 1, 0], [0, 2, 0, 1, 0, 0, 0], [0, 2, 2, 1, 1, 1, 0], [0, 2, 0, 0, 1, 4, 0], [0, 2, 2, 2, 1, 1, 0], [0, 2, 0, 3, 0, 1, 0], [0, 2, 0, 0, 0, 4, 0], [0, 2, 2, 2, 2, 5, 0], [0, 0, 0, 0, 0, 0, 0]]"
2026-05-26T20:46:37.146368,0,South,328.0,False,False,False,"[[0, 0, 0, 0, 0, 0, 0], [0, 1, 1, 1, 1, 1, 0], [0, 1, 0, 0, 0, 1, 0], [0, 1, 0, 3, 0, 1, 0], [0, 1, 2, 2, 2, 1, 0], [0, 1, 0, 0, 1, 1, 0], [0, 1, 2, 1, 1, 1, 0], [0, 1, 0, 1, 0, 0, 0], [0, 1, 0, 1, 0, 1, 0], [0, 1, 0, 1, 1, 1, 0], [0, 2, 0, 1, 1, 1, 0], [0, 2, 0, 1, 0, 1, 0], [0, 2, 0, 1, 0, 0, 0], [0, 2, 2, 1, 1, 1, 0], [0, 2, 0, 0, 4, 1, 0], [0, 2, 2, 2, 1, 1, 0], [0, 2, 0, 3, 0, 1, 0], [0, 2, 0, 0, 0, 1, 0], [0, 2, 2, 2, 5, 4, 0], [0, 0, 0, 0, 0, 0, 0]]"
2026-05-26T20:46:37.147328,0,South,337.0,False,False,False,"[[0, 0, 0, 0, 0, 0, 0], [0, 1, 1, 1, 1, 1, 0], [0, 1, 0, 0, 0, 1, 0], [0, 1, 0, 3, 0, 1, 0], [0, 1, 2, 2, 2, 1, 0], [0, 1, 0, 0, 1, 1, 0], [0, 1, 2, 1, 1, 1, 0], [0, 1, 0, 1, 0, 0, 0], [0, 1, 0, 1, 0, 1, 0], [0, 1, 0, 1, 1, 1, 0], [0, 2, 0, 1, 1, 1, 0], [0, 2, 0, 1, 0, 1, 0], [0, 2, 0, 1, 0, 0, 0], [0, 2, 2, 1, 1, 1, 0], [0, 2, 0, 0, 1, 1, 0], [0, 2, 2, 2, 4, 1, 0], [0, 2, 0, 3, 0, 1, 0], [0, 2, 0, 0, 0, 1, 0], [0, 2, 2, 5, 4, 1, 0], [0, 0, 0, 0, 0, 0, 0]]"
2026-05-26T20:46:37.148296,0,South,346.0,False,False,False,"[[0, 0, 0, 0, 0, 0, 0], [0, 1, 1, 1, 1, 1, 0], [0, 1, 0, 0, 0, 1, 0], [0, 1, 0, 3, 0, 1, 0], [0, 1, 2, 2, 2, 1, 0], [0, 1, 0, 0, 1, 1, 0], [0, 1, 2, 1, 1, 1, 0], [0, 1, 0, 1, 0, 0, 0], [0, 1, 0, 1, 0, 1, 0], [0, 1, 0, 1, 1, 1, 0], [0, 2, 0, 1, 1, 1, 0], [0, 2, 0, 1, 0, 1, 0], [0, 2, 0, 1, 0, 0, 0], [0, 2, 2, 1, 1, 1, 0], [0, 2, 0, 0, 1, 1, 0], [0, 2, 2, 4, 1, 1, 0], [0, 2, 0, 3, 0, 1, 0], [0, 2, 0, 0, 0, 1, 0], [0, 2, 5, 4, 1, 1, 0], [0, 0, 0, 0, 0, 0, 0]]"
2026-05-26T20:46:37.149072,0,West,355.0,False,False,False,"[[0, 0, 0, 0, 0, 0, 0], [0, 1, 1, 1, 1, 1, 0], [0, 1, 0, 0, 0, 1, 0], [0, 1, 0, 3, 0, 1, 0], [0, 1, 2, 2, 2, 1, 0], [0, 1, 0, 0, 1, 1, 0], [0, 1, 2, 1, 1, 1, 0], [0, 1, 0, 1, 0, 0, 0], [0, 1, 0, 1, 0, 1, 0], [0, 1, 0, 1, 1, 1, 0], [0, 2, 0, 1, 1, 1, 0], [0, 2, 0, 1, 0, 1, 0], [0, 2, 0, 1, 0, 0, 0], [0, 2, 2, 1, 1, 1, 0], [0, 2, 0, 0, 1, 1, 0], [0, 2, 4, 2, 1, 1, 0], [0, 2, 0, 3, 0, 1, 0], [0, 2, 0, 0, 0, 1, 0], [0, 5, 4, 1, 1, 1, 0], [0, 0, 0, 0, 0, 0, 0]]"
2026-05-26T20:46:37.149824,0,West,364.0,False,False,False,"[[0, 0, 0, 0, 0, 0, 0], [0, 1, 1, 1, 1, 1, 0], [0, 1, 0, 0, 0, 1, 0], [0, 1, 0, 3, 0, 1, 0], [0, 1, 2, 2, 2, 1, 0], [0, 1, 0, 0, 1, 1, 0], [0, 1, 2, 1, 1, 1, 0], [0, 1, 0, 1, 0, 0, 0], [0, 1, 0, 1, 0, 1, 0], [0, 1, 0, 1, 1, 1, 0], [0, 2, 0, 1, 1, 1, 0], [0, 2, 0, 1, 0, 1, 0], [0, 2, 0, 1, 0, 0, 0], [0, 2, 2, 1, 1, 1, 0], [0, 2, 0, 0, 1, 1, 0], [0, 4, 2, 2, 1, 1, 0], [0, 2, 0, 3, 0, 1, 0], [0, 5, 0, 0, 0, 1, 0], [0, 4, 1, 1, 1, 1, 0], [0, 0, 0, 0, 0, 0, 0]]"
